from_id	to_id	from_lat	from_lon	to_lat	to_lon
		44.653198	10.90377	43.7765114	11.2583332
		44.653587	10.899878	44.6552124	10.8854694
